[{"model": "contenttypes.contenttype", "pk": 1, "fields": {"app_label": "admin", "model": "logentry"}}, {"model": "contenttypes.contenttype", "pk": 2, "fields": {"app_label": "auth", "model": "user"}}, {"model": "contenttypes.contenttype", "pk": 3, "fields": {"app_label": "auth", "model": "group"}}, {"model": "contenttypes.contenttype", "pk": 4, "fields": {"app_label": "auth", "model": "permission"}}, {"model": "contenttypes.contenttype", "pk": 5, "fields": {"app_label": "contenttypes", "model": "contenttype"}}, {"model": "contenttypes.contenttype", "pk": 6, "fields": {"app_label": "sessions", "model": "session"}}, {"model": "contenttypes.contenttype", "pk": 7, "fields": {"app_label": "livros", "model": "categoria"}}, {"model": "contenttypes.contenttype", "pk": 8, "fields": {"app_label": "livros", "model": "livro"}}, {"model": "contenttypes.contenttype", "pk": 9, "fields": {"app_label": "livros", "model": "autor"}}, {"model": "contenttypes.contenttype", "pk": 10, "fields": {"app_label": "usuarios", "model": "perfil"}}, {"model": "contenttypes.contenttype", "pk": 11, "fields": {"app_label": "usuarios", "model": "avalialido"}}, {"model": "contenttypes.contenttype", "pk": 12, "fields": {"app_label": "usuarios", "model": "estantelivro"}}, {"model": "contenttypes.contenttype", "pk": 13, "fields": {"app_label": "usuarios", "model": "emprestimo"}}, {"model": "contenttypes.contenttype", "pk": 14, "fields": {"app_label": "usuarios", "model": "avaliaemprestimo"}}, {"model": "contenttypes.contenttype", "pk": 15, "fields": {"app_label": "usuarios", "model": "estante"}}, {"model": "contenttypes.contenttype", "pk": 16, "fields": {"app_label": "livros", "model": "livrolido"}}, {"model": "contenttypes.contenttype", "pk": 17, "fields": {"app_label": "livros", "model": "livroemprestado"}}, {"model": "contenttypes.contenttype", "pk": 18, "fields": {"app_label": "livros", "model": "livrodaestante"}}, {"model": "contenttypes.contenttype", "pk": 19, "fields": {"app_label": "livros", "model": "livroavaliado"}}, {"model": "contenttypes.contenttype", "pk": 20, "fields": {"app_label": "usuarios", "model": "lido"}}, {"model": "sessions.session", "pk": "zf9j7aeahbag9bp97q1t0kfeut3xizpz", "fields": {"session_data": "YjgyNGQ1ZTdlNzQxYzliYjg4ODBjNmNkZmY4ZDhlOGJmZjI2YWJmYTp7Il9hdXRoX3VzZXJfaGFzaCI6ImU4NmI1ZDM5Zjk4MjBhZDRmNGQwN2ZiMTExYTM4NDNhM2M1MzRhMDQiLCJfYXV0aF91c2VyX2JhY2tlbmQiOiJkamFuZ28uY29udHJpYi5hdXRoLmJhY2tlbmRzLk1vZGVsQmFja2VuZCIsIl9hdXRoX3VzZXJfaWQiOiI1In0=", "expire_date": "2018-03-01T22:19:20.622Z"}}, {"model": "livros.autor", "pk": 1, "fields": {"nome": "J.K.", "sobrenome": "Rowling"}}, {"model": "livros.autor", "pk": 2, "fields": {"nome": "Junot", "sobrenome": "Diaz"}}, {"model": "livros.autor", "pk": 3, "fields": {"nome": "jose", "sobrenome": "da couves"}}, {"model": "livros.autor", "pk": 4, "fields": {"nome": "Augusto", "sobrenome": "Cury"}}, {"model": "livros.autor", "pk": 5, "fields": {"nome": "Padre Reginaldo", "sobrenome": "Manzotti"}}, {"model": "livros.autor", "pk": 6, "fields": {"nome": "Padre Marcelo", "sobrenome": "Rossi"}}, {"model": "livros.autor", "pk": 7, "fields": {"nome": "Mario Sergio", "sobrenome": "Cortela"}}, {"model": "livros.autor", "pk": 8, "fields": {"nome": "Rita", "sobrenome": "Lee"}}, {"model": "livros.autor", "pk": 9, "fields": {"nome": "Paulo", "sobrenome": "Vieira"}}, {"model": "livros.autor", "pk": 10, "fields": {"nome": "Sri Prem", "sobrenome": "Baba"}}, {"model": "livros.autor", "pk": 11, "fields": {"nome": "Bruce", "sobrenome": "Cameron"}}, {"model": "livros.autor", "pk": 12, "fields": {"nome": "E.L.", "sobrenome": "James"}}, {"model": "livros.autor", "pk": 13, "fields": {"nome": "Luciano de oliveira", "sobrenome": "Dzelia"}}, {"model": "livros.autor", "pk": 14, "fields": {"nome": "Varios", "sobrenome": "Autores"}}, {"model": "livros.categoria", "pk": 1, "fields": {"descricao": "Fantasia"}}, {"model": "livros.categoria", "pk": 2, "fields": {"descricao": "Romance"}}, {"model": "livros.categoria", "pk": 3, "fields": {"descricao": "Fic\u00e7\u00e3o"}}, {"model": "livros.categoria", "pk": 4, "fields": {"descricao": "Terror"}}, {"model": "livros.categoria", "pk": 5, "fields": {"descricao": "Drama"}}, {"model": "livros.categoria", "pk": 7, "fields": {"descricao": "Bibliografia"}}, {"model": "livros.categoria", "pk": 8, "fields": {"descricao": "Guia/AutoAjuda"}}, {"model": "livros.categoria", "pk": 9, "fields": {"descricao": "Humor"}}, {"model": "livros.categoria", "pk": 11, "fields": {"descricao": "Culinaria"}}, {"model": "livros.categoria", "pk": 14, "fields": {"descricao": "Esporte"}}, {"model": "livros.categoria", "pk": 15, "fields": {"descricao": "Religioso"}}, {"model": "livros.livro", "pk": 1, "fields": {"isbn10": "8501081809", "isbn13": "9788503009379", "titulo": "Harry Potter e A Pedra Filosofal", "editora": "Rocco; Edi\u00e7\u00e3o: 1\u00aa (7 de abril de 2000)", "descricao": "harrypotter", "paginas": 233, "idioma": "Portugu\u00eas", "imagem": "imagem_livro/HARRY_POTTER_E_A_PEDRA_FILOSOFAL_kKbIjyk_U1SyZVL.jpg", "autores": [1], "categorias": [1]}}, {"model": "livros.livro", "pk": 2, "fields": {"isbn10": "8532511015", "isbn13": "1234567845646", "titulo": "A Fant\u00e1stica Vida Breve de Oscar Wao", "editora": "Record (10 de junho de 2009)", "descricao": "lkjldkjl\u00e7kjlk\u00e7", "paginas": 199, "idioma": "Portugu\u00eas", "imagem": "imagem_livro/A_fantastica_vida_breve_de_oscar_wao_wDiNJcf.png", "autores": [2], "categorias": [2, 3]}}, {"model": "livros.livro", "pk": 3, "fields": {"isbn10": "8532511015", "isbn13": "9788532511010", "titulo": "O Mundo Conhecido", "editora": "Record (10 de junho de 2009)", "descricao": "kjashkjashak", "paginas": 336, "idioma": "Portugu\u00eas", "imagem": "imagem_livro/O_mundo_conhecido_U9h90zd.jpg", "autores": [3], "categorias": [4]}}, {"model": "livros.livro", "pk": 4, "fields": {"isbn10": "1234567890", "isbn13": "1234567846465", "titulo": "O Homem Mais Inteligente da Hist\u00f3ria", "editora": "Sextante; Edi\u00e7\u00e3o: 1\u00aa (6 de outubro de 2016)", "descricao": "O psiquiatra Marco Polo \u00e9 um cientista respeitad\u00edssimo, especialista no funcionamento da mente e autor do primeiro programa mundial de gest\u00e3o da emo\u00e7\u00e3o.\r\n\r\nQuando vai a Jerusal\u00e9m participar de uma reuni\u00e3o na ONU, \u00e9 desafiado a estudar a intelig\u00eancia do homem mais famoso da hist\u00f3ria: Jesus. Mas ele \u00e9 um dos maiores ateus da atualidade e se recusa a faz\u00ea-lo. Todavia, a plateia de intelectuais o instiga a realizar essa empreitada.\r\n\r\nDepois de muita resist\u00eancia, Marco Polo aceita o desafio. Monta uma mesa-redonda composta de brilhantes profissionais para analisar a mente de Jesus sob os \u00e2ngulos da ci\u00eancia e n\u00e3o da religi\u00e3o. Ele parte em uma jornada \u00e9pica para saber se Jesus era um mestre em ter autocontrole, gerir sua emo\u00e7\u00e3o, trabalhar perdas e frustra\u00e7\u00f5es, libertar sua criatividade, contemplar o belo e formar pensadores.\r\n\r\nMarco Polo esperava encontrar um homem comum, sem grandes habilidades intelectuais, mas pouco a pouco fica abalado e conclui que a mente do personagem mais conhecido da humanidade permanece um mist\u00e9rio, inclusive para os bilh\u00f5es de pessoas que o admiram. Tanto as universidades como as religi\u00f5es falharam em n\u00e3o estudar o homem mais inteligente da hist\u00f3ria .\r\n\r\nEste romance \u00e9 uma obra vital para a minha carreira. Fruto de 15 anos de estudos e pesquisas, \u00e9 o primeiro volume de uma cole\u00e7\u00e3o que vai abalar nossas convic\u00e7\u00f5es.\r\n\r\nDr. Augusto Cury, Jerusal\u00e9m", "paginas": 123, "idioma": "Portugues", "imagem": "imagem_livro/livro.png", "autores": [4], "categorias": [1, 2, 3]}}, {"model": "livros.livro", "pk": 5, "fields": {"isbn10": "1234567890", "isbn13": "123456784", "titulo": "O Homem Mais Feliz da Hist\u00f3ria", "editora": "Sextante; Edi\u00e7\u00e3o: 1\u00aa (9 de novembro de 2017)", "descricao": "O homem mais feliz da hist\u00f3ria \u00e9 um romance protagonizado pelo psiquiatra Marco Polo, um pensador ateu e mundialmente reconhecido que ousa estudar a complexa mente de Jesus sob o \u00e2ngulo da ci\u00eancia.\r\n\r\nEm uma jornada surpreendente, ele procura desvendar os misteriosos c\u00f3digos da felicidade ocultos no mais famoso discurso do Mestre dos Mestres: o Serm\u00e3o da Montanha. Ao mesmo tempo que fica fascinado com suas descobertas, Marco Polo sofre uma persegui\u00e7\u00e3o implac\u00e1vel de for\u00e7as ocultas que far\u00e3o de tudo para silenciar sua voz.\r\n\r\nO homem mais feliz da hist\u00f3ria \u00e9 a continua\u00e7\u00e3o da saga que come\u00e7ou com O homem mais inteligente da hist\u00f3ria , mas os livros podem ser lidos separadamente, sem nenhum preju\u00edzo para o leitor.", "paginas": 322, "idioma": "pt-br", "imagem": "imagem_livro/livro.png", "autores": [4], "categorias": [1, 2, 3]}}, {"model": "livros.livro", "pk": 6, "fields": {"isbn10": "1234567890", "isbn13": "123456784", "titulo": "Batalha Espiritual", "editora": "Record (10 de junho de 2009)", "descricao": "Obra retrata a batalha entre o bem e o mal, isto \u00e9, entre os que se encontram do lado de Deus e o Inimigo, que deseja desvirtuar todos os homens e mulheres de boa vontade.", "paginas": 321, "idioma": "pt-br", "imagem": "imagem_livro/livro.png", "autores": [5], "categorias": [15]}}, {"model": "livros.livro", "pk": 7, "fields": {"isbn10": "1234567890", "isbn13": "123456784", "titulo": "Agape", "editora": "3", "descricao": "padre marcelo rossi livro", "paginas": 80, "idioma": "pt-br", "imagem": "imagem_livro/livro.png", "autores": [6], "categorias": [15]}}, {"model": "livros.livro", "pk": 8, "fields": {"isbn10": "1234567890", "isbn13": "123456784", "titulo": "Por que fazemos o que fazemos?", "editora": "3", "descricao": "O fil\u00f3sofo e escritor Mario Sergio Cortella desvenda as principais preocupa\u00e7\u00f5es com rela\u00e7\u00e3o ao trabalho. Aborda quest\u00f5es como a import\u00e2ncia de ter uma vida com prop\u00f3sito e a motiva\u00e7\u00e3o em tempos dif\u00edceis.O fil\u00f3sofo e escritor Mario Sergio Cortella desvenda as principais preocupa\u00e7\u00f5es com rela\u00e7\u00e3o ao trabalho. Aborda quest\u00f5es como a import\u00e2ncia de ter uma vida com prop\u00f3sito e a motiva\u00e7\u00e3o em tempos dif\u00edceis.", "paginas": 325, "idioma": "Portugu\u00eas", "imagem": "imagem_livro/livro.png", "autores": [7], "categorias": [8]}}, {"model": "livros.livro", "pk": 9, "fields": {"isbn10": "1234567890", "isbn13": "123456784", "titulo": "Rita Lee", "editora": "3", "descricao": "Conta a vida de Rita Lee, do primeiro disco voador ao \u00faltimo porre. A inf\u00e2ncia e os primeiros passos na vida art\u00edstica, sua pris\u00e3o em 1976, o nascimento dos filhos e muitos outros acontecimentos contados de forma minuciosa.", "paginas": 82, "idioma": "pt-br", "imagem": "imagem_livro/livro.png", "autores": [8], "categorias": [7]}}, {"model": "livros.livro", "pk": 10, "fields": {"isbn10": "1234567890", "isbn13": "123456784", "titulo": "O Poder da A\u00e7\u00e3o", "editora": "3", "descricao": "Paulo Vieira convida o leitor a quebrar o ciclo vicioso e iniciar um caminho de realiza\u00e7\u00e3o. Para isso, ele apresenta o m\u00e9todo respons\u00e1vel por impactar 250 mil pessoas ao longo de sua carreira \u2013 e que pode ser a chave para o que o leitor tanto procura.", "paginas": 235, "idioma": "Portugu\u00eas", "imagem": "imagem_livro/livro.png", "autores": [9], "categorias": [8]}}, {"model": "livros.livro", "pk": 11, "fields": {"isbn10": "1234567890", "isbn13": "123456784", "titulo": "Prop\u00f3sito", "editora": "3", "descricao": "Hist\u00f3ria \u00e9 focada na expans\u00e3o do di\u00e1logo amoroso e aborda temas que t\u00eam a ver com os anseios mais \u00edntimos do ser humano", "paginas": 135, "idioma": "pt-br", "imagem": "imagem_livro/livro.png", "autores": [10], "categorias": [2, 5]}}, {"model": "livros.livro", "pk": 12, "fields": {"isbn10": "1234567890", "isbn13": "123456784", "titulo": "Quatro Vidas de um Cachorro", "editora": "3", "descricao": "Um c\u00e3o, ap\u00f3s renascer v\u00e1rias vezes, imagina que h\u00e1 raz\u00e3o para seu retorno, um prop\u00f3sito a cumprir, e que, enquanto n\u00e3o o alcan\u00e7ar, continuar\u00e1 renascendo.", "paginas": 50, "idioma": "pt-br", "imagem": "imagem_livro/livro.png", "autores": [11], "categorias": [2, 5]}}, {"model": "livros.livro", "pk": 13, "fields": {"isbn10": "1234567890", "isbn13": "123456784", "titulo": "Harry Potter e A Crian\u00e7a Amaldi\u00e7oada", "editora": "3", "descricao": "Enquanto Harry lida com um passado que se recusa a ficar para tr\u00e1s, seu filho mais novo, Alvo, deve lutar com o peso de um legado de fam\u00edlia que ele nunca quis.", "paginas": 501, "idioma": "pt-br", "imagem": "imagem_livro/livro.png", "autores": [1], "categorias": [1, 3]}}, {"model": "livros.livro", "pk": 14, "fields": {"isbn10": "1234567890", "isbn13": "123456784", "titulo": "Cinquenta Tons de Cinza", "editora": "a", "descricao": "O livro retrata Anastasia Steele, uma virgem de 21 anos cursando a Faculdade de Literatura que, ap\u00f3s entrevistar Christian Grey para o jornal da faculdade, passa a ter um relacionamento com o magnata.", "paginas": 50, "idioma": "pt-br", "imagem": "imagem_livro/livro.png", "autores": [12], "categorias": [2]}}, {"model": "livros.livro", "pk": 15, "fields": {"isbn10": "1234567890", "isbn13": "123456784", "titulo": "Guia Completo de Treinamento Funcional", "editora": "3", "descricao": "Fruto do conhecimento e das experi\u00eancias que Luciano D\u2019Elia acumulou ao longo de 16 anos de trabalho pioneiro com Treinamento Funcional no Brasil, o ''Guia completo de Treinamento Funcional'' chega \u00e0 sua 2a edi\u00e7\u00e3o, com diversos novos exerc\u00edcios. A obra fundamenta-se num conceito de treino que se aplica a praticantes de todas as idades e com diferentes n\u00edveis de condicionamento f\u00edsico, e o seu objetivo \u00e9 atender a essas diferen\u00e7as para gerar os melhores resultados, criando uma base s\u00f3lida do entendimento acerca do que \u00e9 o Treinamento Funcional. Baixe o aplicativo \u201cTreinamento Funcional Phorte\u201d, dispon\u00edvel para Android e IOS, e aponte a c\u00e2mera do seu smartphone ou tablet para a capa e para as imagens do livro que tenham o \u00edcone.", "paginas": 501, "idioma": "pt-br", "imagem": "imagem_livro/livro.png", "autores": [13], "categorias": []}}, {"model": "livros.livro", "pk": 16, "fields": {"isbn10": "1234567890", "isbn13": "123456784", "titulo": "Chef Profissional", "editora": "3", "descricao": "Segundo o Instituto Foodservice Brasil, a alimenta\u00e7\u00e3o fora do lar representava, em 2015, mais de 30% de todos os gastos das fam\u00edlias brasileiras com comida. Estima-se haver em todo o pa\u00eds um milh\u00e3o de estabelecimentos que servem refei\u00e7\u00f5es a esse faminto p\u00fablico, que a cada dia se torna mais exigente em termos de qualidade, sabor e valor nutricional. Ciente das necessidades desse mercado, o Senac S\u00e3o Paulo \u2013 refer\u00eancia em gastronomia, tanto por seus cursos como pelos livros que edita \u2013 apresenta", "paginas": 50, "idioma": "pt-br", "imagem": "imagem_livro/livro.png", "autores": [14], "categorias": [11, 14]}}, {"model": "livros.livro", "pk": 17, "fields": {"isbn10": "1234567890", "isbn13": "123456784", "titulo": "O C\u00f3digo Bro", "editora": "3", "descricao": "O que \u00e9 um Bro?Um Bro \u00e9 um companheiro em quem voc\u00ea poda confiar eternamente e que estar\u00e1 sempre pronto para ajud\u00e1-lo \u2014 a menos que tenha coisa melhor para faze", "paginas": 50, "idioma": "pt-br", "imagem": "imagem_livro/livro.png", "autores": [14], "categorias": [9]}}, {"model": "livros.livro", "pk": 18, "fields": {"isbn10": "1234567890", "isbn13": "123456784", "titulo": "MEU PAI FALA CADA MERDA", "editora": "3", "descricao": "Aos 28 anos, depois de ser dispensado pela namorada, Justin Halpern volta a morar com o pai, Sam Halpern, de 73 anos. Na inf\u00e2ncia, Justin morria de medo dele, t\u00e3o mal-humorado, direto e desbocado que beirava a grossura", "paginas": 116, "idioma": "pt-br", "imagem": "imagem_livro/livro.png", "autores": [14], "categorias": [9]}}, {"model": "livros.livro", "pk": 19, "fields": {"isbn10": "1234567890", "isbn13": "123456784", "titulo": "O Iluminado", "editora": "3", "descricao": "The Shining \u00e9 um romance de horror do escritor estadunidense Stephen King. Lan\u00e7ado em 1977, foi o terceiro livro de Stephen King e seu primeiro best-seller em capa-dura. O sucesso do livro foi tanto que firmou King na carreira de escritor no g\u00eanero", "paginas": 324, "idioma": "pt-br", "imagem": "imagem_livro/livro.png", "autores": [14], "categorias": [4]}}, {"model": "livros.livro", "pk": 20, "fields": {"isbn10": "1234567890", "isbn13": "123456784", "titulo": "A Estrada da Noite", "editora": "3", "descricao": "Uma lenda do rock pesado, o cinq\u00fcent\u00e3o Judas Coyne coleciona objetos macabros: um livro de receitas para canibais, uma confiss\u00e3o de uma bruxa de de 300 anos atr\u00e1s, um la\u00e7o usado num enforcamento, uma fita com cenas reais de assassinato.", "paginas": 653, "idioma": "pt-br", "imagem": "imagem_livro/livro.png", "autores": [14], "categorias": [4]}}, {"model": "usuarios.estante", "pk": 4, "fields": {"nome": "Estante", "perfil_dono": 4}}, {"model": "usuarios.estante", "pk": 5, "fields": {"nome": "Estante", "perfil_dono": 5}}, {"model": "usuarios.estante", "pk": 6, "fields": {"nome": "Estante", "perfil_dono": 6}}, {"model": "usuarios.estante", "pk": 7, "fields": {"nome": "Estante", "perfil_dono": 7}}, {"model": "usuarios.estante", "pk": 8, "fields": {"nome": "Estante", "perfil_dono": 8}}, {"model": "usuarios.estante", "pk": 9, "fields": {"nome": "Estante", "perfil_dono": 9}}, {"model": "usuarios.estante", "pk": 10, "fields": {"nome": "Estante", "perfil_dono": 10}}, {"model": "usuarios.estantelivro", "pk": 5, "fields": {"estante": 4, "livro_adicionado": 1, "data_adicionado": "2018-02-11", "status": "D"}}, {"model": "usuarios.estantelivro", "pk": 6, "fields": {"estante": 5, "livro_adicionado": 17, "data_adicionado": "2018-02-11", "status": "D"}}, {"model": "usuarios.estantelivro", "pk": 7, "fields": {"estante": 5, "livro_adicionado": 9, "data_adicionado": "2018-02-11", "status": "D"}}, {"model": "usuarios.estantelivro", "pk": 8, "fields": {"estante": 6, "livro_adicionado": 14, "data_adicionado": "2018-02-11", "status": "D"}}, {"model": "usuarios.estantelivro", "pk": 9, "fields": {"estante": 4, "livro_adicionado": 7, "data_adicionado": "2018-02-12", "status": "D"}}, {"model": "usuarios.estantelivro", "pk": 10, "fields": {"estante": 4, "livro_adicionado": 20, "data_adicionado": "2018-02-15", "status": "D"}}, {"model": "usuarios.estantelivro", "pk": 11, "fields": {"estante": 4, "livro_adicionado": 6, "data_adicionado": "2018-02-15", "status": "D"}}, {"model": "usuarios.estantelivro", "pk": 12, "fields": {"estante": 4, "livro_adicionado": 15, "data_adicionado": "2018-02-15", "status": "D"}}, {"model": "usuarios.avalialido", "pk": 3, "fields": {"lido": true, "perfil_avaliador": 6, "livro": 1, "nota": 5}}, {"model": "usuarios.avalialido", "pk": 4, "fields": {"lido": true, "perfil_avaliador": 5, "livro": 3, "nota": 5}}, {"model": "usuarios.avalialido", "pk": 7, "fields": {"lido": true, "perfil_avaliador": 4, "livro": 2, "nota": 9}}, {"model": "usuarios.avalialido", "pk": 8, "fields": {"lido": true, "perfil_avaliador": 5, "livro": 1, "nota": 7}}, {"model": "usuarios.avalialido", "pk": 9, "fields": {"lido": true, "perfil_avaliador": 4, "livro": 3, "nota": 8}}, {"model": "usuarios.avalialido", "pk": 10, "fields": {"lido": true, "perfil_avaliador": 7, "livro": 1, "nota": 9}}, {"model": "usuarios.avalialido", "pk": 11, "fields": {"lido": true, "perfil_avaliador": 4, "livro": 7, "nota": 5}}, {"model": "usuarios.avalialido", "pk": 12, "fields": {"lido": false, "perfil_avaliador": 5, "livro": 2, "nota": 8}}, {"model": "usuarios.avalialido", "pk": 13, "fields": {"lido": true, "perfil_avaliador": 7, "livro": 2, "nota": 7}}, {"model": "usuarios.avalialido", "pk": 14, "fields": {"lido": true, "perfil_avaliador": 4, "livro": 16, "nota": 10}}, {"model": "usuarios.avalialido", "pk": 15, "fields": {"lido": true, "perfil_avaliador": 4, "livro": 10, "nota": 7}}, {"model": "usuarios.avalialido", "pk": 16, "fields": {"lido": true, "perfil_avaliador": 4, "livro": 8, "nota": 9}}, {"model": "usuarios.avalialido", "pk": 17, "fields": {"lido": true, "perfil_avaliador": 4, "livro": 1, "nota": 6}}, {"model": "usuarios.avalialido", "pk": 18, "fields": {"lido": true, "perfil_avaliador": 4, "livro": 6, "nota": 5}}, {"model": "usuarios.avalialido", "pk": 19, "fields": {"lido": true, "perfil_avaliador": 4, "livro": 20, "nota": 5}}, {"model": "usuarios.emprestimo", "pk": 1, "fields": {"perfil_do_dono": 5, "perfil_solicitante": 4, "livro_emprestado": 6, "data_emprestimo": "2018-02-11", "data_devolucao": "2018-02-18", "status_emprestimo": "EA"}}, {"model": "usuarios.emprestimo", "pk": 2, "fields": {"perfil_do_dono": 6, "perfil_solicitante": 5, "livro_emprestado": 7, "data_emprestimo": "2018-02-11", "data_devolucao": "2018-02-12", "status_emprestimo": "EA"}}, {"model": "auth.permission", "pk": 1, "fields": {"name": "Can add log entry", "content_type": 1, "codename": "add_logentry"}}, {"model": "auth.permission", "pk": 2, "fields": {"name": "Can change log entry", "content_type": 1, "codename": "change_logentry"}}, {"model": "auth.permission", "pk": 3, "fields": {"name": "Can delete log entry", "content_type": 1, "codename": "delete_logentry"}}, {"model": "auth.permission", "pk": 4, "fields": {"name": "Can add user", "content_type": 2, "codename": "add_user"}}, {"model": "auth.permission", "pk": 5, "fields": {"name": "Can change user", "content_type": 2, "codename": "change_user"}}, {"model": "auth.permission", "pk": 6, "fields": {"name": "Can delete user", "content_type": 2, "codename": "delete_user"}}, {"model": "auth.permission", "pk": 7, "fields": {"name": "Can add group", "content_type": 3, "codename": "add_group"}}, {"model": "auth.permission", "pk": 8, "fields": {"name": "Can change group", "content_type": 3, "codename": "change_group"}}, {"model": "auth.permission", "pk": 9, "fields": {"name": "Can delete group", "content_type": 3, "codename": "delete_group"}}, {"model": "auth.permission", "pk": 10, "fields": {"name": "Can add permission", "content_type": 4, "codename": "add_permission"}}, {"model": "auth.permission", "pk": 11, "fields": {"name": "Can change permission", "content_type": 4, "codename": "change_permission"}}, {"model": "auth.permission", "pk": 12, "fields": {"name": "Can delete permission", "content_type": 4, "codename": "delete_permission"}}, {"model": "auth.permission", "pk": 13, "fields": {"name": "Can add content type", "content_type": 5, "codename": "add_contenttype"}}, {"model": "auth.permission", "pk": 14, "fields": {"name": "Can change content type", "content_type": 5, "codename": "change_contenttype"}}, {"model": "auth.permission", "pk": 15, "fields": {"name": "Can delete content type", "content_type": 5, "codename": "delete_contenttype"}}, {"model": "auth.permission", "pk": 16, "fields": {"name": "Can add session", "content_type": 6, "codename": "add_session"}}, {"model": "auth.permission", "pk": 17, "fields": {"name": "Can change session", "content_type": 6, "codename": "change_session"}}, {"model": "auth.permission", "pk": 18, "fields": {"name": "Can delete session", "content_type": 6, "codename": "delete_session"}}, {"model": "auth.permission", "pk": 19, "fields": {"name": "Can add categoria", "content_type": 7, "codename": "add_categoria"}}, {"model": "auth.permission", "pk": 20, "fields": {"name": "Can change categoria", "content_type": 7, "codename": "change_categoria"}}, {"model": "auth.permission", "pk": 21, "fields": {"name": "Can delete categoria", "content_type": 7, "codename": "delete_categoria"}}, {"model": "auth.permission", "pk": 22, "fields": {"name": "Can add livro", "content_type": 8, "codename": "add_livro"}}, {"model": "auth.permission", "pk": 23, "fields": {"name": "Can change livro", "content_type": 8, "codename": "change_livro"}}, {"model": "auth.permission", "pk": 24, "fields": {"name": "Can delete livro", "content_type": 8, "codename": "delete_livro"}}, {"model": "auth.permission", "pk": 25, "fields": {"name": "Can add Autor", "content_type": 9, "codename": "add_autor"}}, {"model": "auth.permission", "pk": 26, "fields": {"name": "Can change Autor", "content_type": 9, "codename": "change_autor"}}, {"model": "auth.permission", "pk": 27, "fields": {"name": "Can delete Autor", "content_type": 9, "codename": "delete_autor"}}, {"model": "auth.permission", "pk": 28, "fields": {"name": "Can add Perfil", "content_type": 10, "codename": "add_perfil"}}, {"model": "auth.permission", "pk": 29, "fields": {"name": "Can change Perfil", "content_type": 10, "codename": "change_perfil"}}, {"model": "auth.permission", "pk": 30, "fields": {"name": "Can delete Perfil", "content_type": 10, "codename": "delete_perfil"}}, {"model": "auth.permission", "pk": 31, "fields": {"name": "Can add avalia lido", "content_type": 11, "codename": "add_avalialido"}}, {"model": "auth.permission", "pk": 32, "fields": {"name": "Can change avalia lido", "content_type": 11, "codename": "change_avalialido"}}, {"model": "auth.permission", "pk": 33, "fields": {"name": "Can delete avalia lido", "content_type": 11, "codename": "delete_avalialido"}}, {"model": "auth.permission", "pk": 34, "fields": {"name": "Can add estante livro", "content_type": 12, "codename": "add_estantelivro"}}, {"model": "auth.permission", "pk": 35, "fields": {"name": "Can change estante livro", "content_type": 12, "codename": "change_estantelivro"}}, {"model": "auth.permission", "pk": 36, "fields": {"name": "Can delete estante livro", "content_type": 12, "codename": "delete_estantelivro"}}, {"model": "auth.permission", "pk": 37, "fields": {"name": "Can add emprestimo", "content_type": 13, "codename": "add_emprestimo"}}, {"model": "auth.permission", "pk": 38, "fields": {"name": "Can change emprestimo", "content_type": 13, "codename": "change_emprestimo"}}, {"model": "auth.permission", "pk": 39, "fields": {"name": "Can delete emprestimo", "content_type": 13, "codename": "delete_emprestimo"}}, {"model": "auth.permission", "pk": 40, "fields": {"name": "Can add avalia emprestimo", "content_type": 14, "codename": "add_avaliaemprestimo"}}, {"model": "auth.permission", "pk": 41, "fields": {"name": "Can change avalia emprestimo", "content_type": 14, "codename": "change_avaliaemprestimo"}}, {"model": "auth.permission", "pk": 42, "fields": {"name": "Can delete avalia emprestimo", "content_type": 14, "codename": "delete_avaliaemprestimo"}}, {"model": "auth.permission", "pk": 43, "fields": {"name": "Can add estante", "content_type": 15, "codename": "add_estante"}}, {"model": "auth.permission", "pk": 44, "fields": {"name": "Can change estante", "content_type": 15, "codename": "change_estante"}}, {"model": "auth.permission", "pk": 45, "fields": {"name": "Can delete estante", "content_type": 15, "codename": "delete_estante"}}, {"model": "auth.permission", "pk": 46, "fields": {"name": "Can add livro lido", "content_type": 16, "codename": "add_livrolido"}}, {"model": "auth.permission", "pk": 47, "fields": {"name": "Can change livro lido", "content_type": 16, "codename": "change_livrolido"}}, {"model": "auth.permission", "pk": 48, "fields": {"name": "Can delete livro lido", "content_type": 16, "codename": "delete_livrolido"}}, {"model": "auth.permission", "pk": 49, "fields": {"name": "Can add livro emprestado", "content_type": 17, "codename": "add_livroemprestado"}}, {"model": "auth.permission", "pk": 50, "fields": {"name": "Can change livro emprestado", "content_type": 17, "codename": "change_livroemprestado"}}, {"model": "auth.permission", "pk": 51, "fields": {"name": "Can delete livro emprestado", "content_type": 17, "codename": "delete_livroemprestado"}}, {"model": "auth.permission", "pk": 52, "fields": {"name": "Can add livro da estante", "content_type": 18, "codename": "add_livrodaestante"}}, {"model": "auth.permission", "pk": 53, "fields": {"name": "Can change livro da estante", "content_type": 18, "codename": "change_livrodaestante"}}, {"model": "auth.permission", "pk": 54, "fields": {"name": "Can delete livro da estante", "content_type": 18, "codename": "delete_livrodaestante"}}, {"model": "auth.permission", "pk": 55, "fields": {"name": "Can add livro avaliado", "content_type": 19, "codename": "add_livroavaliado"}}, {"model": "auth.permission", "pk": 56, "fields": {"name": "Can change livro avaliado", "content_type": 19, "codename": "change_livroavaliado"}}, {"model": "auth.permission", "pk": 57, "fields": {"name": "Can delete livro avaliado", "content_type": 19, "codename": "delete_livroavaliado"}}, {"model": "auth.permission", "pk": 58, "fields": {"name": "Can add lido", "content_type": 20, "codename": "add_lido"}}, {"model": "auth.permission", "pk": 59, "fields": {"name": "Can change lido", "content_type": 20, "codename": "change_lido"}}, {"model": "auth.permission", "pk": 60, "fields": {"name": "Can delete lido", "content_type": 20, "codename": "delete_lido"}}, {"model": "auth.user", "pk": 1, "fields": {"password": "pbkdf2_sha256$100000$8GY1XgCEDzgp$kICOfbJvASStQ1ONCLSMRB5JDZKZiSg98r8+dECle70=", "last_login": "2018-02-15T21:00:44.309Z", "is_superuser": true, "username": "admin", "first_name": "", "last_name": "", "email": "admin@eu.com", "is_staff": true, "is_active": true, "date_joined": "2018-02-07T20:14:11.826Z", "groups": [], "user_permissions": []}}, {"model": "auth.user", "pk": 5, "fields": {"password": "pbkdf2_sha256$100000$oY0DluCHkAhY$wJd4u2G5wqiwr0PtzZut7294GWhIK3grWobDvq0cfqY=", "last_login": "2018-02-15T22:19:20.514Z", "is_superuser": false, "username": "mat", "first_name": "", "last_name": "", "email": "", "is_staff": false, "is_active": true, "date_joined": "2018-02-08T14:48:54Z", "groups": [], "user_permissions": []}}, {"model": "auth.user", "pk": 6, "fields": {"password": "pbkdf2_sha256$100000$BTfuZsucryx9$12Bp7mMZ/IHTd1rkkRrsLqxykaRtePbteHOEOe5p2gQ=", "last_login": "2018-02-11T22:01:50.983Z", "is_superuser": false, "username": "nai", "first_name": "", "last_name": "", "email": "", "is_staff": false, "is_active": true, "date_joined": "2018-02-08T14:49:19Z", "groups": [], "user_permissions": []}}, {"model": "auth.user", "pk": 7, "fields": {"password": "pbkdf2_sha256$100000$VISJOi3BRTKf$LQjsKOhoVO6c5T+E4trOOeocUVWRxxr/O1yGFHwX1xU=", "last_login": "2018-02-11T22:02:26.620Z", "is_superuser": false, "username": "joao", "first_name": "", "last_name": "", "email": "", "is_staff": false, "is_active": true, "date_joined": "2018-02-08T14:49:49Z", "groups": [], "user_permissions": []}}, {"model": "auth.user", "pk": 8, "fields": {"password": "pbkdf2_sha256$100000$NbrKF3Aw2KSW$4/g9RCEZACdI3MJAwUm5wdM3RAplV187G6NB0Vychvw=", "last_login": null, "is_superuser": false, "username": "tay", "first_name": "", "last_name": "", "email": "", "is_staff": false, "is_active": true, "date_joined": "2018-02-08T14:50:17Z", "groups": [], "user_permissions": []}}, {"model": "auth.user", "pk": 9, "fields": {"password": "pbkdf2_sha256$100000$w0QKQTnuPd9H$H32CKKMruAcl/KN4rG+Rml6nIgwlYFp81Xs22b9r7ik=", "last_login": null, "is_superuser": false, "username": "anna", "first_name": "", "last_name": "", "email": "", "is_staff": false, "is_active": true, "date_joined": "2018-02-08T22:35:13Z", "groups": [], "user_permissions": []}}, {"model": "auth.user", "pk": 10, "fields": {"password": "pbkdf2_sha256$100000$3uqRGC9JzmRO$+iu+gF5LCzDqTMPZ9T2ximKHjYqutgGxIFzFe4zLZzc=", "last_login": null, "is_superuser": false, "username": "bia", "first_name": "", "last_name": "", "email": "", "is_staff": false, "is_active": true, "date_joined": "2018-02-08T22:36:00Z", "groups": [], "user_permissions": []}}, {"model": "auth.user", "pk": 11, "fields": {"password": "pbkdf2_sha256$100000$H7cbu35Qj5Io$D3KPZEazznxaDOICKwpprQGV2kiKi4OumJJ6OhUHJf0=", "last_login": null, "is_superuser": false, "username": "julia", "first_name": "", "last_name": "", "email": "", "is_staff": false, "is_active": true, "date_joined": "2018-02-08T22:36:32Z", "groups": [], "user_permissions": []}}, {"model": "usuarios.perfil", "pk": 4, "fields": {"usuario": 5, "telefone": "6513216545", "data_de_nascimento": "1992-11-27", "sexo": "M", "imagem_perfil": "imagem_perfil/user.png", "categorias_preferidas": [1, 3, 7, 9, 14]}}, {"model": "usuarios.perfil", "pk": 5, "fields": {"usuario": 6, "telefone": "65149865", "data_de_nascimento": "1994-02-01", "sexo": "F", "imagem_perfil": "imagem_perfil/user.png", "categorias_preferidas": [2, 5, 7, 8, 9]}}, {"model": "usuarios.perfil", "pk": 6, "fields": {"usuario": 7, "telefone": "6516876513", "data_de_nascimento": "2006-12-19", "sexo": "M", "imagem_perfil": "imagem_perfil/user.png", "categorias_preferidas": [8, 9, 11]}}, {"model": "usuarios.perfil", "pk": 7, "fields": {"usuario": 8, "telefone": "6546546", "data_de_nascimento": "1997-09-04", "sexo": null, "imagem_perfil": "imagem_perfil/user.png", "categorias_preferidas": [4, 9, 11]}}, {"model": "usuarios.perfil", "pk": 8, "fields": {"usuario": 9, "telefone": "651321654", "data_de_nascimento": "1999-12-28", "sexo": "F", "imagem_perfil": "imagem_perfil/user.png", "categorias_preferidas": [3, 5, 7, 9, 11]}}, {"model": "usuarios.perfil", "pk": 9, "fields": {"usuario": 10, "telefone": "132165465165", "data_de_nascimento": "2007-07-24", "sexo": "F", "imagem_perfil": "imagem_perfil/user.png", "categorias_preferidas": [4, 7, 14]}}, {"model": "usuarios.perfil", "pk": 10, "fields": {"usuario": 11, "telefone": "354654654", "data_de_nascimento": "2006-02-20", "sexo": "F", "imagem_perfil": "imagem_perfil/user.png", "categorias_preferidas": [1, 2, 5, 7, 14]}}, {"model": "admin.logentry", "pk": 1, "fields": {"action_time": "2018-02-07T20:15:40.755Z", "user": 1, "content_type": 9, "object_id": "1", "object_repr": "J.K.", "action_flag": 1, "change_message": "[{\"added\": {}}]"}}, {"model": "admin.logentry", "pk": 2, "fields": {"action_time": "2018-02-07T20:15:59.206Z", "user": 1, "content_type": 7, "object_id": "1", "object_repr": "Fantasia", "action_flag": 1, "change_message": "[{\"added\": {}}]"}}, {"model": "admin.logentry", "pk": 3, "fields": {"action_time": "2018-02-07T20:16:08.771Z", "user": 1, "content_type": 8, "object_id": "1", "object_repr": "Harry Potter e A Pedra Filosofal", "action_flag": 1, "change_message": "[{\"added\": {}}]"}}, {"model": "admin.logentry", "pk": 4, "fields": {"action_time": "2018-02-07T20:17:11.383Z", "user": 1, "content_type": 9, "object_id": "2", "object_repr": "Junot", "action_flag": 1, "change_message": "[{\"added\": {}}]"}}, {"model": "admin.logentry", "pk": 5, "fields": {"action_time": "2018-02-07T20:17:18.489Z", "user": 1, "content_type": 7, "object_id": "2", "object_repr": "Romance", "action_flag": 1, "change_message": "[{\"added\": {}}]"}}, {"model": "admin.logentry", "pk": 6, "fields": {"action_time": "2018-02-07T20:17:26.329Z", "user": 1, "content_type": 7, "object_id": "3", "object_repr": "Fic\u00e7\u00e3o", "action_flag": 1, "change_message": "[{\"added\": {}}]"}}, {"model": "admin.logentry", "pk": 7, "fields": {"action_time": "2018-02-07T20:17:32.647Z", "user": 1, "content_type": 8, "object_id": "2", "object_repr": "A Fant\u00e1stica Vida Breve de Oscar Wao", "action_flag": 1, "change_message": "[{\"added\": {}}]"}}, {"model": "admin.logentry", "pk": 8, "fields": {"action_time": "2018-02-07T20:18:48.091Z", "user": 1, "content_type": 9, "object_id": "3", "object_repr": "jose", "action_flag": 1, "change_message": "[{\"added\": {}}]"}}, {"model": "admin.logentry", "pk": 9, "fields": {"action_time": "2018-02-07T20:19:05.879Z", "user": 1, "content_type": 7, "object_id": "4", "object_repr": "Terror", "action_flag": 1, "change_message": "[{\"added\": {}}]"}}, {"model": "admin.logentry", "pk": 10, "fields": {"action_time": "2018-02-07T20:19:08.053Z", "user": 1, "content_type": 8, "object_id": "3", "object_repr": "O Mundo Conhecido", "action_flag": 1, "change_message": "[{\"added\": {}}]"}}, {"model": "admin.logentry", "pk": 11, "fields": {"action_time": "2018-02-08T00:03:46.005Z", "user": 1, "content_type": 7, "object_id": "5", "object_repr": "Drama", "action_flag": 1, "change_message": "[{\"added\": {}}]"}}, {"model": "admin.logentry", "pk": 12, "fields": {"action_time": "2018-02-08T00:03:59.334Z", "user": 1, "content_type": 7, "object_id": "6", "object_repr": "EROTICO", "action_flag": 1, "change_message": "[{\"added\": {}}]"}}, {"model": "admin.logentry", "pk": 13, "fields": {"action_time": "2018-02-08T00:04:10.619Z", "user": 1, "content_type": 2, "object_id": "3", "object_repr": "Naiara", "action_flag": 2, "change_message": "[{\"changed\": {\"object\": \"Naiara\", \"fields\": [\"categorias_preferidas\"], \"name\": \"Perfil\"}}]"}}, {"model": "admin.logentry", "pk": 14, "fields": {"action_time": "2018-02-08T00:04:37.392Z", "user": 1, "content_type": 7, "object_id": "7", "object_repr": "Bibliografia", "action_flag": 1, "change_message": "[{\"added\": {}}]"}}, {"model": "admin.logentry", "pk": 15, "fields": {"action_time": "2018-02-08T00:04:47.704Z", "user": 1, "content_type": 2, "object_id": "2", "object_repr": "joao", "action_flag": 2, "change_message": "[{\"changed\": {\"object\": \"joao\", \"fields\": [\"sexo\", \"categorias_preferidas\"], \"name\": \"Perfil\"}}]"}}, {"model": "admin.logentry", "pk": 16, "fields": {"action_time": "2018-02-08T00:05:27.816Z", "user": 1, "content_type": 7, "object_id": "8", "object_repr": "Guia/AutoAjuda", "action_flag": 1, "change_message": "[{\"added\": {}}]"}}, {"model": "admin.logentry", "pk": 17, "fields": {"action_time": "2018-02-08T00:05:31.167Z", "user": 1, "content_type": 2, "object_id": "4", "object_repr": "eu", "action_flag": 2, "change_message": "[{\"changed\": {\"object\": \"eu\", \"fields\": [\"sexo\", \"categorias_preferidas\"], \"name\": \"Perfil\"}}]"}}, {"model": "admin.logentry", "pk": 18, "fields": {"action_time": "2018-02-08T14:48:07.921Z", "user": 1, "content_type": 2, "object_id": "3", "object_repr": "Naiara", "action_flag": 3, "change_message": ""}}, {"model": "admin.logentry", "pk": 19, "fields": {"action_time": "2018-02-08T14:48:08.024Z", "user": 1, "content_type": 2, "object_id": "4", "object_repr": "eu", "action_flag": 3, "change_message": ""}}, {"model": "admin.logentry", "pk": 20, "fields": {"action_time": "2018-02-08T14:48:08.112Z", "user": 1, "content_type": 2, "object_id": "2", "object_repr": "joao", "action_flag": 3, "change_message": ""}}, {"model": "admin.logentry", "pk": 21, "fields": {"action_time": "2018-02-08T14:52:48.611Z", "user": 1, "content_type": 2, "object_id": "7", "object_repr": "joao", "action_flag": 2, "change_message": "[{\"changed\": {\"fields\": [\"sexo\", \"categorias_preferidas\"], \"name\": \"Perfil\", \"object\": \"joao\"}}]"}}, {"model": "admin.logentry", "pk": 22, "fields": {"action_time": "2018-02-08T14:53:15.842Z", "user": 1, "content_type": 2, "object_id": "5", "object_repr": "mat", "action_flag": 2, "change_message": "[{\"changed\": {\"fields\": [\"sexo\", \"categorias_preferidas\"], \"name\": \"Perfil\", \"object\": \"mat\"}}]"}}, {"model": "admin.logentry", "pk": 23, "fields": {"action_time": "2018-02-08T14:53:33.109Z", "user": 1, "content_type": 2, "object_id": "8", "object_repr": "tay", "action_flag": 2, "change_message": "[{\"changed\": {\"fields\": [\"sexo\", \"categorias_preferidas\"], \"name\": \"Perfil\", \"object\": \"tay\"}}]"}}, {"model": "admin.logentry", "pk": 24, "fields": {"action_time": "2018-02-08T14:53:44.691Z", "user": 1, "content_type": 2, "object_id": "6", "object_repr": "nai", "action_flag": 2, "change_message": "[{\"changed\": {\"fields\": [\"sexo\", \"categorias_preferidas\"], \"name\": \"Perfil\", \"object\": \"nai\"}}]"}}, {"model": "admin.logentry", "pk": 25, "fields": {"action_time": "2018-02-08T22:15:56.978Z", "user": 1, "content_type": 11, "object_id": "6", "object_repr": "Harry Potter e A Pedra Filosofal mat 8", "action_flag": 2, "change_message": "[{\"changed\": {\"fields\": [\"livro\", \"nota\"]}}]"}}, {"model": "admin.logentry", "pk": 26, "fields": {"action_time": "2018-02-08T22:16:51.572Z", "user": 1, "content_type": 11, "object_id": "5", "object_repr": "O Mundo Conhecido mat 10", "action_flag": 2, "change_message": "[{\"changed\": {\"fields\": [\"perfil_avaliador\", \"nota\"]}}]"}}, {"model": "admin.logentry", "pk": 27, "fields": {"action_time": "2018-02-08T22:19:54.010Z", "user": 1, "content_type": 11, "object_id": "8", "object_repr": "Harry Potter e A Pedra Filosofal nai 7", "action_flag": 1, "change_message": "[{\"added\": {}}]"}}, {"model": "admin.logentry", "pk": 28, "fields": {"action_time": "2018-02-08T22:20:19.413Z", "user": 1, "content_type": 11, "object_id": "7", "object_repr": "A Fant\u00e1stica Vida Breve de Oscar Wao mat 9", "action_flag": 2, "change_message": "[{\"changed\": {\"fields\": [\"nota\"]}}]"}}, {"model": "admin.logentry", "pk": 29, "fields": {"action_time": "2018-02-08T22:20:25.934Z", "user": 1, "content_type": 11, "object_id": "5", "object_repr": "O Mundo Conhecido mat 5", "action_flag": 2, "change_message": "[{\"changed\": {\"fields\": [\"nota\"]}}]"}}, {"model": "admin.logentry", "pk": 30, "fields": {"action_time": "2018-02-08T22:20:45.349Z", "user": 1, "content_type": 11, "object_id": "9", "object_repr": "O Mundo Conhecido mat 8", "action_flag": 1, "change_message": "[{\"added\": {}}]"}}, {"model": "admin.logentry", "pk": 31, "fields": {"action_time": "2018-02-08T22:21:26.235Z", "user": 1, "content_type": 11, "object_id": "5", "object_repr": "O Mundo Conhecido mat 5", "action_flag": 3, "change_message": ""}}, {"model": "admin.logentry", "pk": 32, "fields": {"action_time": "2018-02-08T22:38:23.578Z", "user": 1, "content_type": 7, "object_id": "9", "object_repr": "Humor", "action_flag": 1, "change_message": "[{\"added\": {}}]"}}, {"model": "admin.logentry", "pk": 33, "fields": {"action_time": "2018-02-08T22:38:32.587Z", "user": 1, "content_type": 7, "object_id": "10", "object_repr": "Poesia", "action_flag": 1, "change_message": "[{\"added\": {}}]"}}, {"model": "admin.logentry", "pk": 34, "fields": {"action_time": "2018-02-08T22:39:41.915Z", "user": 1, "content_type": 7, "object_id": "11", "object_repr": "Culinaria", "action_flag": 1, "change_message": "[{\"added\": {}}]"}}, {"model": "admin.logentry", "pk": 35, "fields": {"action_time": "2018-02-08T22:40:23.615Z", "user": 1, "content_type": 7, "object_id": "12", "object_repr": "Musica", "action_flag": 1, "change_message": "[{\"added\": {}}]"}}, {"model": "admin.logentry", "pk": 36, "fields": {"action_time": "2018-02-08T22:40:30.937Z", "user": 1, "content_type": 7, "object_id": "13", "object_repr": "Educativo", "action_flag": 1, "change_message": "[{\"added\": {}}]"}}, {"model": "admin.logentry", "pk": 37, "fields": {"action_time": "2018-02-08T22:40:51.246Z", "user": 1, "content_type": 7, "object_id": "14", "object_repr": "Esporte", "action_flag": 1, "change_message": "[{\"added\": {}}]"}}, {"model": "admin.logentry", "pk": 38, "fields": {"action_time": "2018-02-08T22:41:07.209Z", "user": 1, "content_type": 2, "object_id": "9", "object_repr": "anna", "action_flag": 2, "change_message": "[{\"changed\": {\"fields\": [\"sexo\", \"categorias_preferidas\"], \"object\": \"anna\", \"name\": \"Perfil\"}}]"}}, {"model": "admin.logentry", "pk": 39, "fields": {"action_time": "2018-02-08T22:41:51.231Z", "user": 1, "content_type": 2, "object_id": "9", "object_repr": "anna", "action_flag": 2, "change_message": "[{\"changed\": {\"fields\": [\"categorias_preferidas\"], \"object\": \"anna\", \"name\": \"Perfil\"}}]"}}, {"model": "admin.logentry", "pk": 40, "fields": {"action_time": "2018-02-08T22:42:07.553Z", "user": 1, "content_type": 2, "object_id": "10", "object_repr": "bia", "action_flag": 2, "change_message": "[{\"changed\": {\"fields\": [\"sexo\", \"categorias_preferidas\"], \"object\": \"bia\", \"name\": \"Perfil\"}}]"}}, {"model": "admin.logentry", "pk": 41, "fields": {"action_time": "2018-02-08T22:42:27.600Z", "user": 1, "content_type": 2, "object_id": "7", "object_repr": "joao", "action_flag": 2, "change_message": "[{\"changed\": {\"fields\": [\"categorias_preferidas\"], \"object\": \"joao\", \"name\": \"Perfil\"}}]"}}, {"model": "admin.logentry", "pk": 42, "fields": {"action_time": "2018-02-08T22:42:52.707Z", "user": 1, "content_type": 2, "object_id": "11", "object_repr": "julia", "action_flag": 2, "change_message": "[{\"changed\": {\"fields\": [\"sexo\", \"categorias_preferidas\"], \"object\": \"julia\", \"name\": \"Perfil\"}}]"}}, {"model": "admin.logentry", "pk": 43, "fields": {"action_time": "2018-02-08T22:47:14.021Z", "user": 1, "content_type": 2, "object_id": "8", "object_repr": "tay", "action_flag": 2, "change_message": "[{\"changed\": {\"fields\": [\"categorias_preferidas\"], \"object\": \"tay\", \"name\": \"Perfil\"}}]"}}, {"model": "admin.logentry", "pk": 44, "fields": {"action_time": "2018-02-08T22:49:27.957Z", "user": 1, "content_type": 2, "object_id": "5", "object_repr": "mat", "action_flag": 2, "change_message": "[{\"changed\": {\"fields\": [\"categorias_preferidas\"], \"object\": \"mat\", \"name\": \"Perfil\"}}]"}}, {"model": "admin.logentry", "pk": 45, "fields": {"action_time": "2018-02-08T22:50:03.724Z", "user": 1, "content_type": 2, "object_id": "6", "object_repr": "nai", "action_flag": 2, "change_message": "[{\"changed\": {\"fields\": [\"sexo\", \"categorias_preferidas\"], \"object\": \"nai\", \"name\": \"Perfil\"}}]"}}, {"model": "admin.logentry", "pk": 46, "fields": {"action_time": "2018-02-08T23:19:30.851Z", "user": 1, "content_type": 9, "object_id": "4", "object_repr": "Augusto", "action_flag": 1, "change_message": "[{\"added\": {}}]"}}, {"model": "admin.logentry", "pk": 47, "fields": {"action_time": "2018-02-08T23:20:30.077Z", "user": 1, "content_type": 8, "object_id": "4", "object_repr": "O Homem Mais Inteligente da Hist\u00f3ria", "action_flag": 1, "change_message": "[{\"added\": {}}]"}}, {"model": "admin.logentry", "pk": 48, "fields": {"action_time": "2018-02-08T23:21:31.940Z", "user": 1, "content_type": 8, "object_id": "5", "object_repr": "O Homem Mais Feliz da Hist\u00f3ria", "action_flag": 1, "change_message": "[{\"added\": {}}]"}}, {"model": "admin.logentry", "pk": 49, "fields": {"action_time": "2018-02-08T23:22:48.708Z", "user": 1, "content_type": 9, "object_id": "5", "object_repr": "Padre Reginaldo", "action_flag": 1, "change_message": "[{\"added\": {}}]"}}, {"model": "admin.logentry", "pk": 50, "fields": {"action_time": "2018-02-08T23:22:59.126Z", "user": 1, "content_type": 7, "object_id": "15", "object_repr": "Religioso", "action_flag": 1, "change_message": "[{\"added\": {}}]"}}, {"model": "admin.logentry", "pk": 51, "fields": {"action_time": "2018-02-08T23:23:01.980Z", "user": 1, "content_type": 8, "object_id": "6", "object_repr": "Batalha Espiritual", "action_flag": 1, "change_message": "[{\"added\": {}}]"}}, {"model": "admin.logentry", "pk": 52, "fields": {"action_time": "2018-02-08T23:23:39.583Z", "user": 1, "content_type": 9, "object_id": "6", "object_repr": "Padre Marcelo", "action_flag": 1, "change_message": "[{\"added\": {}}]"}}, {"model": "admin.logentry", "pk": 53, "fields": {"action_time": "2018-02-08T23:23:55.158Z", "user": 1, "content_type": 8, "object_id": "7", "object_repr": "Agape", "action_flag": 1, "change_message": "[{\"added\": {}}]"}}, {"model": "admin.logentry", "pk": 54, "fields": {"action_time": "2018-02-08T23:24:50.575Z", "user": 1, "content_type": 9, "object_id": "7", "object_repr": "Mario Sergio", "action_flag": 1, "change_message": "[{\"added\": {}}]"}}, {"model": "admin.logentry", "pk": 55, "fields": {"action_time": "2018-02-08T23:25:33.333Z", "user": 1, "content_type": 8, "object_id": "8", "object_repr": "Por que fazemos o que fazemos?", "action_flag": 1, "change_message": "[{\"added\": {}}]"}}, {"model": "admin.logentry", "pk": 56, "fields": {"action_time": "2018-02-08T23:26:43.489Z", "user": 1, "content_type": 9, "object_id": "8", "object_repr": "Rita", "action_flag": 1, "change_message": "[{\"added\": {}}]"}}, {"model": "admin.logentry", "pk": 57, "fields": {"action_time": "2018-02-08T23:26:51.364Z", "user": 1, "content_type": 8, "object_id": "9", "object_repr": "Rita Lee", "action_flag": 1, "change_message": "[{\"added\": {}}]"}}, {"model": "admin.logentry", "pk": 58, "fields": {"action_time": "2018-02-08T23:27:31.965Z", "user": 1, "content_type": 9, "object_id": "9", "object_repr": "Paulo", "action_flag": 1, "change_message": "[{\"added\": {}}]"}}, {"model": "admin.logentry", "pk": 59, "fields": {"action_time": "2018-02-08T23:27:53.203Z", "user": 1, "content_type": 8, "object_id": "10", "object_repr": "O Poder da A\u00e7\u00e3o", "action_flag": 1, "change_message": "[{\"added\": {}}]"}}, {"model": "admin.logentry", "pk": 60, "fields": {"action_time": "2018-02-08T23:28:11.717Z", "user": 1, "content_type": 8, "object_id": "8", "object_repr": "Por que fazemos o que fazemos?", "action_flag": 2, "change_message": "[{\"changed\": {\"fields\": [\"descricao\"]}}]"}}, {"model": "admin.logentry", "pk": 61, "fields": {"action_time": "2018-02-08T23:29:36.172Z", "user": 1, "content_type": 9, "object_id": "10", "object_repr": "Sri Prem", "action_flag": 1, "change_message": "[{\"added\": {}}]"}}, {"model": "admin.logentry", "pk": 62, "fields": {"action_time": "2018-02-08T23:29:53.012Z", "user": 1, "content_type": 8, "object_id": "11", "object_repr": "Prop\u00f3sito", "action_flag": 1, "change_message": "[{\"added\": {}}]"}}, {"model": "admin.logentry", "pk": 63, "fields": {"action_time": "2018-02-08T23:30:37.534Z", "user": 1, "content_type": 9, "object_id": "11", "object_repr": "Bruce", "action_flag": 1, "change_message": "[{\"added\": {}}]"}}, {"model": "admin.logentry", "pk": 64, "fields": {"action_time": "2018-02-08T23:30:45.995Z", "user": 1, "content_type": 8, "object_id": "12", "object_repr": "Quatro Vidas de um Cachorro", "action_flag": 1, "change_message": "[{\"added\": {}}]"}}, {"model": "admin.logentry", "pk": 65, "fields": {"action_time": "2018-02-08T23:31:30.209Z", "user": 1, "content_type": 8, "object_id": "13", "object_repr": "Harry Potter e A Crian\u00e7a Amaldi\u00e7oada", "action_flag": 1, "change_message": "[{\"added\": {}}]"}}, {"model": "admin.logentry", "pk": 66, "fields": {"action_time": "2018-02-08T23:32:30.193Z", "user": 1, "content_type": 9, "object_id": "12", "object_repr": "E.L.", "action_flag": 1, "change_message": "[{\"added\": {}}]"}}, {"model": "admin.logentry", "pk": 67, "fields": {"action_time": "2018-02-08T23:32:42.235Z", "user": 1, "content_type": 8, "object_id": "14", "object_repr": "Cinquenta Tons de Cinza", "action_flag": 1, "change_message": "[{\"added\": {}}]"}}, {"model": "admin.logentry", "pk": 68, "fields": {"action_time": "2018-02-08T23:34:37.613Z", "user": 1, "content_type": 9, "object_id": "13", "object_repr": "Luciano de oliveira", "action_flag": 1, "change_message": "[{\"added\": {}}]"}}, {"model": "admin.logentry", "pk": 69, "fields": {"action_time": "2018-02-08T23:34:53.122Z", "user": 1, "content_type": 8, "object_id": "15", "object_repr": "Guia Completo de Treinamento Funcional", "action_flag": 1, "change_message": "[{\"added\": {}}]"}}, {"model": "admin.logentry", "pk": 70, "fields": {"action_time": "2018-02-08T23:36:04.843Z", "user": 1, "content_type": 9, "object_id": "14", "object_repr": "Varios", "action_flag": 1, "change_message": "[{\"added\": {}}]"}}, {"model": "admin.logentry", "pk": 71, "fields": {"action_time": "2018-02-08T23:37:02.958Z", "user": 1, "content_type": 8, "object_id": "16", "object_repr": "Chef Profissional", "action_flag": 1, "change_message": "[{\"added\": {}}]"}}, {"model": "admin.logentry", "pk": 72, "fields": {"action_time": "2018-02-08T23:37:29.928Z", "user": 1, "content_type": 7, "object_id": "13", "object_repr": "Educativo", "action_flag": 3, "change_message": ""}}, {"model": "admin.logentry", "pk": 73, "fields": {"action_time": "2018-02-08T23:37:30.033Z", "user": 1, "content_type": 7, "object_id": "12", "object_repr": "Musica", "action_flag": 3, "change_message": ""}}, {"model": "admin.logentry", "pk": 74, "fields": {"action_time": "2018-02-08T23:37:30.148Z", "user": 1, "content_type": 7, "object_id": "10", "object_repr": "Poesia", "action_flag": 3, "change_message": ""}}, {"model": "admin.logentry", "pk": 75, "fields": {"action_time": "2018-02-08T23:38:56.445Z", "user": 1, "content_type": 8, "object_id": "17", "object_repr": "O C\u00f3digo Bro", "action_flag": 1, "change_message": "[{\"added\": {}}]"}}, {"model": "admin.logentry", "pk": 76, "fields": {"action_time": "2018-02-08T23:39:39.839Z", "user": 1, "content_type": 8, "object_id": "18", "object_repr": "MEU PAI FALA CADA MERDA", "action_flag": 1, "change_message": "[{\"added\": {}}]"}}, {"model": "admin.logentry", "pk": 77, "fields": {"action_time": "2018-02-08T23:41:05.468Z", "user": 1, "content_type": 8, "object_id": "19", "object_repr": "O Iluminado", "action_flag": 1, "change_message": "[{\"added\": {}}]"}}, {"model": "admin.logentry", "pk": 78, "fields": {"action_time": "2018-02-08T23:41:46.073Z", "user": 1, "content_type": 8, "object_id": "20", "object_repr": "A Estrada da Noite", "action_flag": 1, "change_message": "[{\"added\": {}}]"}}, {"model": "admin.logentry", "pk": 79, "fields": {"action_time": "2018-02-09T00:02:50.555Z", "user": 1, "content_type": 11, "object_id": "10", "object_repr": "Harry Potter e A Pedra Filosofal tay 9", "action_flag": 1, "change_message": "[{\"added\": {}}]"}}, {"model": "admin.logentry", "pk": 80, "fields": {"action_time": "2018-02-09T00:03:23.247Z", "user": 1, "content_type": 11, "object_id": "3", "object_repr": "Harry Potter e A Pedra Filosofal joao 5", "action_flag": 2, "change_message": "[{\"changed\": {\"fields\": [\"perfil_avaliador\", \"nota\"]}}]"}}, {"model": "admin.logentry", "pk": 81, "fields": {"action_time": "2018-02-11T22:36:21.402Z", "user": 1, "content_type": 13, "object_id": "1", "object_repr": "nai", "action_flag": 2, "change_message": "[{\"changed\": {\"fields\": [\"data_devolucao\"]}}]"}}, {"model": "admin.logentry", "pk": 82, "fields": {"action_time": "2018-02-11T22:38:51.698Z", "user": 1, "content_type": 13, "object_id": "2", "object_repr": "joao", "action_flag": 1, "change_message": "[{\"added\": {}}]"}}, {"model": "admin.logentry", "pk": 83, "fields": {"action_time": "2018-02-14T23:18:01.980Z", "user": 1, "content_type": 11, "object_id": "12", "object_repr": "A Fant\u00e1stica Vida Breve de Oscar Wao nai 8", "action_flag": 1, "change_message": "[{\"added\": {}}]"}}, {"model": "admin.logentry", "pk": 84, "fields": {"action_time": "2018-02-14T23:19:28.950Z", "user": 1, "content_type": 11, "object_id": "13", "object_repr": "A Fant\u00e1stica Vida Breve de Oscar Wao tay 7", "action_flag": 1, "change_message": "[{\"added\": {}}]"}}, {"model": "admin.logentry", "pk": 85, "fields": {"action_time": "2018-02-15T02:07:09.701Z", "user": 1, "content_type": 7, "object_id": "6", "object_repr": "EROTICO", "action_flag": 3, "change_message": ""}}, {"model": "admin.logentry", "pk": 86, "fields": {"action_time": "2018-02-15T02:12:30.621Z", "user": 1, "content_type": 11, "object_id": "14", "object_repr": "Chef Profissional-> <QuerySet [<Categoria: Culinaria>, <Categoria: Esporte>]> mat 10", "action_flag": 1, "change_message": "[{\"added\": {}}]"}}, {"model": "admin.logentry", "pk": 87, "fields": {"action_time": "2018-02-15T02:13:01.014Z", "user": 1, "content_type": 11, "object_id": "15", "object_repr": "O Poder da A\u00e7\u00e3o-> <QuerySet [<Categoria: Guia/AutoAjuda>]> mat 7", "action_flag": 1, "change_message": "[{\"added\": {}}]"}}, {"model": "admin.logentry", "pk": 88, "fields": {"action_time": "2018-02-15T02:13:18.180Z", "user": 1, "content_type": 11, "object_id": "16", "object_repr": "Por que fazemos o que fazemos?-> <QuerySet [<Categoria: Guia/AutoAjuda>]> mat 9", "action_flag": 1, "change_message": "[{\"added\": {}}]"}}, {"model": "admin.logentry", "pk": 89, "fields": {"action_time": "2018-02-15T02:56:45.061Z", "user": 1, "content_type": 11, "object_id": "17", "object_repr": "Harry Potter e A Pedra Filosofal-> <QuerySet [<Categoria: Fantasia>]> mat 6", "action_flag": 1, "change_message": "[{\"added\": {}}]"}}, {"model": "admin.logentry", "pk": 90, "fields": {"action_time": "2018-02-15T03:29:51.904Z", "user": 1, "content_type": 11, "object_id": "6", "object_repr": "Harry Potter e A Pedra Filosofal-> <QuerySet [<Categoria: Fantasia>]> mat 8", "action_flag": 3, "change_message": ""}}, {"model": "admin.logentry", "pk": 91, "fields": {"action_time": "2018-02-15T21:01:04.041Z", "user": 1, "content_type": 11, "object_id": "17", "object_repr": "Harry Potter e A Pedra Filosofal-> <QuerySet [<Categoria: Fantasia>]> mat 6", "action_flag": 2, "change_message": "[]"}}]